{
    "project_name": "demo9_xterm",
    "createAt": "2019-07-03 14:00:00",
    "updateAt": "2019-07-03 14:00:00",
    "cron": "0 25 23 * * *",
    "retry_count": "2",
    "retry_interval": 2000,
    "time_out": 5000,
    "nodes": [
        {
            "v-146d869c": "",
            "type": "node",
            "shape": "flow-rect",
            "shapeType": "Convention",
            "size": "120*48",
            "label": "打印日志",
            "color": "#1890FF",
            "operation_id": "terminal-one",
            "plugin_id": "terminal",
            "input": [
                {
                    "name": "必填属性",
                    "id": "required_params",
                    "properties": [
                        {
                            "id": "commandLine",
                            "name": "输出内容",
                            "type": "text",
                            "required": true,
                            "value": "\"begin\""
                        }
                    ]
                }
            ],
            "output": {},
            "version": "1.0.0",
            "x": 432.671875,
            "y": 159,
            "id": "7dcf3822",
            "general_property": "[{\"id\":\"retry_count\",\"value\":\"1\",\"name\":\"重试次数\"},{\"id\":\"retry_interval\",\"value\":\"50\",\"name\":\"重试时间间隔(ms)\"},{\"id\":\"execution_timeout\",\"value\":\"5000\",\"name\":\"执行超时时间(ms)\"},{\"id\":\"delayed_execution_time\",\"value\":\"50\",\"name\":\"延迟执行时间(ms)\"},{\"id\":\"waiting_time_after_execution\",\"value\":\"50\",\"name\":\"执行后等待时间\"}]",
            "index": 1
        },
        {
            "v-146d869c": "",
            "type": "node",
            "shape": "flow-circle",
            "shapeType": "Start",
            "size": "72*72",
            "label": "开始",
            "color": "#79C900",
            "operation_id": "start",
            "plugin_id": "base",
            "input": [],
            "output": {},
            "version": "1.0.0",
            "x": 431.37187500000005,
            "y": 40.5,
            "id": "a75a80a7",
            "index": 2,
            "general_property": "[{\"id\":\"retry_count\",\"value\":\"1\",\"name\":\"重试次数\"},{\"id\":\"retry_interval\",\"value\":\"0\",\"name\":\"重试时间间隔(ms)\"},{\"id\":\"execution_timeout\",\"value\":\"5000\",\"name\":\"执行超时时间(ms)\"},{\"id\":\"delayed_execution_time\",\"value\":\"0\",\"name\":\"延迟执行时间(ms)\"},{\"id\":\"waiting_time_after_execution\",\"value\":\"0\",\"name\":\"执行后等待时间\"}]"
        },
        {
            "v-146d869c": "",
            "type": "node",
            "shape": "flow-rhombus",
            "shapeType": "Condition",
            "size": "80*72",
            "label": "条件",
            "color": "#13C2C2",
            "operation_id": "condition",
            "plugin_id": "base",
            "input": [
                {
                    "name": "必填属性",
                    "id": "required_params",
                    "properties": [
                        {
                            "id": "conditions",
                            "name": "条件",
                            "type": "conditions",
                            "required": true,
                            "value": [
                                {
                                    "name": 1,
                                    "expression": "1=1"
                                },
                                {
                                    "name": 2,
                                    "expression": "1=1"
                                }
                            ]
                        }
                    ]
                }
            ],
            "output": {},
            "version": "1.0.0",
            "x": 293.871875,
            "y": 275.2,
            "id": "50308818",
            "general_property": "[{\"id\":\"retry_count\",\"value\":\"1\",\"name\":\"重试次数\"},{\"id\":\"retry_interval\",\"value\":\"0\",\"name\":\"重试时间间隔(ms)\"},{\"id\":\"execution_timeout\",\"value\":\"5000\",\"name\":\"执行超时时间(ms)\"},{\"id\":\"delayed_execution_time\",\"value\":\"0\",\"name\":\"延迟执行时间(ms)\"},{\"id\":\"waiting_time_after_execution\",\"value\":\"0\",\"name\":\"执行后等待时间\"}]",
            "index": 3
        },
        {
            "v-146d869c": "",
            "type": "node",
            "shape": "flow-rect",
            "shapeType": "Convention",
            "size": "120*48",
            "label": "打印日志",
            "color": "#1890FF",
            "operation_id": "terminal-one",
            "plugin_id": "terminal",
            "input": [
                {
                    "name": "必填属性",
                    "id": "required_params",
                    "properties": [
                        {
                            "id": "commandLine",
                            "name": "输出内容",
                            "type": "text",
                            "required": true,
                            "value": "\"条件1.1\""
                        }
                    ]
                }
            ],
            "output": {},
            "version": "1.0.0",
            "x": 496.871875,
            "y": 277.2,
            "id": "d20b9e6e",
            "general_property": "[{\"id\":\"retry_count\",\"value\":\"1\",\"name\":\"重试次数\"},{\"id\":\"retry_interval\",\"value\":\"0\",\"name\":\"重试时间间隔(ms)\"},{\"id\":\"execution_timeout\",\"value\":\"5000\",\"name\":\"执行超时时间(ms)\"},{\"id\":\"delayed_execution_time\",\"value\":\"0\",\"name\":\"延迟执行时间(ms)\"},{\"id\":\"waiting_time_after_execution\",\"value\":\"0\",\"name\":\"执行后等待时间\"}]",
            "index": 5
        },
        {
            "v-146d869c": "",
            "type": "node",
            "shape": "flow-rect",
            "shapeType": "Convention",
            "size": "120*48",
            "label": "打印日志",
            "color": "#1890FF",
            "operation_id": "terminal-one",
            "plugin_id": "terminal",
            "input": [
                {
                    "name": "必填属性",
                    "id": "required_params",
                    "properties": [
                        {
                            "id": "commandLine",
                            "name": "输出内容",
                            "type": "text",
                            "required": true,
                            "value": "\"条件1.2\""
                        }
                    ]
                }
            ],
            "output": {},
            "version": "1.0.0",
            "x": 493.871875,
            "y": 386.2,
            "id": "fef74134",
            "general_property": "[{\"id\":\"retry_count\",\"value\":\"1\",\"name\":\"重试次数\"},{\"id\":\"retry_interval\",\"value\":\"0\",\"name\":\"重试时间间隔(ms)\"},{\"id\":\"execution_timeout\",\"value\":\"5000\",\"name\":\"执行超时时间(ms)\"},{\"id\":\"delayed_execution_time\",\"value\":\"0\",\"name\":\"延迟执行时间(ms)\"},{\"id\":\"waiting_time_after_execution\",\"value\":\"0\",\"name\":\"执行后等待时间\"}]",
            "index": 6
        },
        {
            "v-146d869c": "",
            "type": "node",
            "shape": "flow-circle",
            "shapeType": "End",
            "size": "72*72",
            "label": "结束",
            "color": "#DC3C00",
            "operation_id": "end",
            "plugin_id": "base",
            "input": [],
            "output": {},
            "version": "1.0.0",
            "x": 363.671875,
            "y": 544.5,
            "id": "2e74972e",
            "index": 7,
            "general_property": "[{\"id\":\"retry_count\",\"value\":\"1\",\"name\":\"重试次数\"},{\"id\":\"retry_interval\",\"value\":\"0\",\"name\":\"重试时间间隔(ms)\"},{\"id\":\"execution_timeout\",\"value\":\"5000\",\"name\":\"执行超时时间(ms)\"},{\"id\":\"delayed_execution_time\",\"value\":\"0\",\"name\":\"延迟执行时间(ms)\"},{\"id\":\"waiting_time_after_execution\",\"value\":\"0\",\"name\":\"执行后等待时间\"}]"
        },
        {
            "v-146d869c": "",
            "type": "node",
            "shape": "flow-rect",
            "shapeType": "Convention",
            "size": "120*48",
            "label": "打印日志",
            "color": "#1890FF",
            "operation_id": "terminal-one",
            "plugin_id": "terminal",
            "input": [
                {
                    "name": "必填属性",
                    "id": "required_params",
                    "properties": [
                        {
                            "id": "commandLine",
                            "name": "输出内容",
                            "type": "text",
                            "required": true,
                            "value": "\"循环1结束\""
                        }
                    ]
                }
            ],
            "output": {},
            "version": "1.0.0",
            "x": 817.7718749999999,
            "y": 413.90000000000003,
            "id": "767b390c",
            "general_property": "[{\"id\":\"retry_count\",\"value\":\"1\",\"name\":\"重试次数\"},{\"id\":\"retry_interval\",\"value\":\"0\",\"name\":\"重试时间间隔(ms)\"},{\"id\":\"execution_timeout\",\"value\":\"5000\",\"name\":\"执行超时时间(ms)\"},{\"id\":\"delayed_execution_time\",\"value\":\"0\",\"name\":\"延迟执行时间(ms)\"},{\"id\":\"waiting_time_after_execution\",\"value\":\"0\",\"name\":\"执行后等待时间\"}]",
            "index": 12
        },
        {
            "v-146d869c": "",
            "type": "node",
            "shape": "flow-capsule",
            "shapeType": "Circulation",
            "size": "80*48",
            "label": "循环",
            "color": "#722ED1",
            "operation_id": "circulation",
            "plugin_id": "base",
            "input": [
                {
                    "name": "必填属性",
                    "id": "required_params",
                    "properties": [
                        {
                            "id": "array",
                            "name": "数组数据",
                            "type": "text",
                            "required": true,
                            "value": "\"[1,2,3,4,5]\""
                        }
                    ]
                }
            ],
            "output": {},
            "version": "1.0.0",
            "x": 649.071875,
            "y": 361.2,
            "id": "f87cd6f0",
            "general_property": "[{\"id\":\"retry_count\",\"value\":\"1\",\"name\":\"重试次数\"},{\"id\":\"retry_interval\",\"value\":\"0\",\"name\":\"重试时间间隔(ms)\"},{\"id\":\"execution_timeout\",\"value\":\"5000\",\"name\":\"执行超时时间(ms)\"},{\"id\":\"delayed_execution_time\",\"value\":\"0\",\"name\":\"延迟执行时间(ms)\"},{\"id\":\"waiting_time_after_execution\",\"value\":\"0\",\"name\":\"执行后等待时间\"}]",
            "index": 13
        },
        {
            "v-146d869c": "",
            "type": "node",
            "shape": "flow-rect",
            "shapeType": "Convention",
            "size": "120*48",
            "label": "打印日志",
            "color": "#1890FF",
            "operation_id": "terminal-one",
            "plugin_id": "terminal",
            "input": [
                {
                    "name": "必填属性",
                    "id": "required_params",
                    "properties": [
                        {
                            "id": "commandLine",
                            "name": "输出内容",
                            "type": "text",
                            "required": true,
                            "value": "\"循环1进行\""
                        }
                    ]
                }
            ],
            "output": {},
            "version": "1.0.0",
            "x": 649.071875,
            "y": 463.40000000000003,
            "id": "2aefda15",
            "general_property": "[{\"id\":\"retry_count\",\"value\":\"1\",\"name\":\"重试次数\"},{\"id\":\"retry_interval\",\"value\":\"0\",\"name\":\"重试时间间隔(ms)\"},{\"id\":\"execution_timeout\",\"value\":\"5000\",\"name\":\"执行超时时间(ms)\"},{\"id\":\"delayed_execution_time\",\"value\":\"0\",\"name\":\"延迟执行时间(ms)\"},{\"id\":\"waiting_time_after_execution\",\"value\":\"0\",\"name\":\"执行后等待时间\"}]",
            "index": 14
        },
        {
            "v-146d869c": "",
            "type": "node",
            "shape": "flow-rhombus",
            "shapeType": "Condition",
            "size": "80*72",
            "label": "条件",
            "color": "#13C2C2",
            "operation_id": "condition",
            "plugin_id": "base",
            "input": [
                {
                    "name": "必填属性",
                    "id": "required_params",
                    "properties": [
                        {
                            "id": "conditions",
                            "name": "条件",
                            "type": "conditions",
                            "required": true,
                            "value": [
                                {
                                    "name": 1,
                                    "expression": "1=1"
                                },
                                {
                                    "name": 2,
                                    "expression": "1>1"
                                }
                            ]
                        }
                    ]
                }
            ],
            "output": {},
            "version": "1.0.0",
            "x": 807.0718750000001,
            "y": 527.3,
            "id": "6f9500b3",
            "general_property": "[{\"id\":\"retry_count\",\"value\":\"1\",\"name\":\"重试次数\"},{\"id\":\"retry_interval\",\"value\":\"0\",\"name\":\"重试时间间隔(ms)\"},{\"id\":\"execution_timeout\",\"value\":\"5000\",\"name\":\"执行超时时间(ms)\"},{\"id\":\"delayed_execution_time\",\"value\":\"0\",\"name\":\"延迟执行时间(ms)\"},{\"id\":\"waiting_time_after_execution\",\"value\":\"0\",\"name\":\"执行后等待时间\"}]",
            "index": 15
        },
        {
            "v-146d869c": "",
            "type": "node",
            "shape": "flow-capsule",
            "shapeType": "Circulation",
            "size": "80*48",
            "label": "循环",
            "color": "#722ED1",
            "operation_id": "circulation",
            "plugin_id": "base",
            "input": [
                {
                    "name": "必填属性",
                    "id": "required_params",
                    "properties": [
                        {
                            "id": "array",
                            "name": "数组数据",
                            "type": "text",
                            "required": true,
                            "value": "\"[1,2,3,4,5]\""
                        }
                    ]
                }
            ],
            "output": {},
            "version": "1.0.0",
            "x": 801.0718750000001,
            "y": 703.3,
            "id": "919e7400",
            "general_property": "[{\"id\":\"retry_count\",\"value\":\"1\",\"name\":\"重试次数\"},{\"id\":\"retry_interval\",\"value\":\"0\",\"name\":\"重试时间间隔(ms)\"},{\"id\":\"execution_timeout\",\"value\":\"5000\",\"name\":\"执行超时时间(ms)\"},{\"id\":\"delayed_execution_time\",\"value\":\"0\",\"name\":\"延迟执行时间(ms)\"},{\"id\":\"waiting_time_after_execution\",\"value\":\"0\",\"name\":\"执行后等待时间\"}]",
            "index": 18
        },
        {
            "v-146d869c": "",
            "type": "node",
            "shape": "flow-rect",
            "shapeType": "Convention",
            "size": "120*48",
            "label": "打印日志",
            "color": "#1890FF",
            "operation_id": "terminal-one",
            "plugin_id": "terminal",
            "input": [
                {
                    "name": "必填属性",
                    "id": "required_params",
                    "properties": [
                        {
                            "id": "commandLine",
                            "name": "输出内容",
                            "type": "text",
                            "required": true,
                            "value": "\"条件2.2\""
                        }
                    ]
                }
            ],
            "output": {},
            "version": "1.0.0",
            "x": 929.2718749999999,
            "y": 636,
            "id": "ec877554",
            "general_property": "[{\"id\":\"retry_count\",\"value\":\"1\",\"name\":\"重试次数\"},{\"id\":\"retry_interval\",\"value\":\"0\",\"name\":\"重试时间间隔(ms)\"},{\"id\":\"execution_timeout\",\"value\":\"5000\",\"name\":\"执行超时时间(ms)\"},{\"id\":\"delayed_execution_time\",\"value\":\"0\",\"name\":\"延迟执行时间(ms)\"},{\"id\":\"waiting_time_after_execution\",\"value\":\"0\",\"name\":\"执行后等待时间\"}]",
            "index": 20
        },
        {
            "v-146d869c": "",
            "type": "node",
            "shape": "flow-rect",
            "shapeType": "Convention",
            "size": "120*48",
            "label": "打印日志",
            "color": "#1890FF",
            "operation_id": "terminal-one",
            "plugin_id": "terminal",
            "input": [
                {
                    "name": "必填属性",
                    "id": "required_params",
                    "properties": [
                        {
                            "id": "commandLine",
                            "name": "输出内容",
                            "type": "text",
                            "required": true,
                            "value": "\"循环2进行\""
                        }
                    ]
                }
            ],
            "output": {},
            "version": "1.0.0",
            "x": 797.0718750000001,
            "y": 789.3,
            "id": "64aa3a21",
            "general_property": "[{\"id\":\"retry_count\",\"value\":\"1\",\"name\":\"重试次数\"},{\"id\":\"retry_interval\",\"value\":\"0\",\"name\":\"重试时间间隔(ms)\"},{\"id\":\"execution_timeout\",\"value\":\"5000\",\"name\":\"执行超时时间(ms)\"},{\"id\":\"delayed_execution_time\",\"value\":\"0\",\"name\":\"延迟执行时间(ms)\"},{\"id\":\"waiting_time_after_execution\",\"value\":\"0\",\"name\":\"执行后等待时间\"}]",
            "index": 22
        },
        {
            "v-146d869c": "",
            "type": "node",
            "shape": "flow-rect",
            "shapeType": "Convention",
            "size": "120*48",
            "label": "打印日志",
            "color": "#1890FF",
            "operation_id": "terminal-one",
            "plugin_id": "terminal",
            "input": [
                {
                    "name": "必填属性",
                    "id": "required_params",
                    "properties": [
                        {
                            "id": "commandLine",
                            "name": "输出内容",
                            "type": "text",
                            "required": true,
                            "value": "\"循环2结束\""
                        }
                    ]
                }
            ],
            "output": {},
            "version": "1.0.0",
            "x": 567.0718750000001,
            "y": 719.3,
            "id": "4321d431",
            "general_property": "[{\"id\":\"retry_count\",\"value\":\"1\",\"name\":\"重试次数\"},{\"id\":\"retry_interval\",\"value\":\"0\",\"name\":\"重试时间间隔(ms)\"},{\"id\":\"execution_timeout\",\"value\":\"5000\",\"name\":\"执行超时时间(ms)\"},{\"id\":\"delayed_execution_time\",\"value\":\"0\",\"name\":\"延迟执行时间(ms)\"},{\"id\":\"waiting_time_after_execution\",\"value\":\"0\",\"name\":\"执行后等待时间\"}]",
            "index": 23
        },
        {
            "v-146d869c": "",
            "type": "node",
            "shape": "flow-rect",
            "shapeType": "Convention",
            "size": "120*48",
            "label": "打印日志",
            "color": "#1890FF",
            "operation_id": "terminal-one",
            "plugin_id": "terminal",
            "input": [
                {
                    "name": "必填属性",
                    "id": "required_params",
                    "properties": [
                        {
                            "id": "commandLine",
                            "name": "输出内容",
                            "type": "text",
                            "required": true,
                            "value": "\"条件2.1\""
                        }
                    ]
                }
            ],
            "output": {},
            "version": "1.0.0",
            "x": 648.571875,
            "y": 604.3,
            "id": "ef8e8cc6",
            "general_property": "[{\"id\":\"retry_count\",\"value\":\"1\",\"name\":\"重试次数\"},{\"id\":\"retry_interval\",\"value\":\"0\",\"name\":\"重试时间间隔(ms)\"},{\"id\":\"execution_timeout\",\"value\":\"5000\",\"name\":\"执行超时时间(ms)\"},{\"id\":\"delayed_execution_time\",\"value\":\"0\",\"name\":\"延迟执行时间(ms)\"},{\"id\":\"waiting_time_after_execution\",\"value\":\"0\",\"name\":\"执行后等待时间\"}]",
            "index": 29
        }
    ],
    "edges": [
        {
            "source": "a75a80a7",
            "sourceAnchor": 2,
            "target": "7dcf3822",
            "targetAnchor": 0,
            "id": "9dd32fd6",
            "shape": "flow-polyline",
            "index": 0
        },
        {
            "source": "7dcf3822",
            "sourceAnchor": 2,
            "target": "50308818",
            "targetAnchor": 0,
            "id": "7969c7f8",
            "shape": "flow-polyline",
            "index": 4
        },
        {
            "source": "50308818",
            "sourceAnchor": 1,
            "target": "d20b9e6e",
            "targetAnchor": 3,
            "id": "4b9c459d",
            "shape": "flow-polyline",
            "label": "1",
            "index": 8
        },
        {
            "source": "50308818",
            "sourceAnchor": 2,
            "target": "fef74134",
            "targetAnchor": 3,
            "id": "abb771db",
            "shape": "flow-polyline",
            "label": "2",
            "index": 9
        },
        {
            "source": "fef74134",
            "sourceAnchor": 2,
            "target": "2e74972e",
            "targetAnchor": 3,
            "id": "8aed6867",
            "shape": "flow-polyline",
            "index": 10
        },
        {
            "source": "d20b9e6e",
            "sourceAnchor": 1,
            "target": "f87cd6f0",
            "targetAnchor": 0,
            "id": "818b495a",
            "shape": "flow-polyline",
            "index": 11
        },
        {
            "source": "767b390c",
            "sourceAnchor": 2,
            "target": "6f9500b3",
            "targetAnchor": 0,
            "id": "974f5898",
            "shape": "flow-polyline",
            "index": 16
        },
        {
            "source": "6f9500b3",
            "sourceAnchor": 3,
            "target": "ef8e8cc6",
            "targetAnchor": 0,
            "id": "b4e77fad",
            "shape": "flow-polyline",
            "label": "1",
            "index": 17
        },
        {
            "source": "6f9500b3",
            "sourceAnchor": 1,
            "target": "ec877554",
            "targetAnchor": 0,
            "id": "831d62d7",
            "shape": "flow-polyline",
            "label": "2",
            "index": 19
        },
        {
            "source": "ef8e8cc6",
            "sourceAnchor": 2,
            "target": "919e7400",
            "targetAnchor": 0,
            "id": "ebd5fc2f",
            "shape": "flow-polyline",
            "index": 21
        },
        {
            "source": "4321d431",
            "sourceAnchor": 3,
            "target": "2e74972e",
            "targetAnchor": 2,
            "id": "a338f8e2",
            "shape": "flow-polyline",
            "index": 24
        },
        {
            "source": "f87cd6f0",
            "sourceAnchor": 3,
            "target": "2aefda15",
            "targetAnchor": 0,
            "id": "2c10029d",
            "shape": "flow-polyline",
            "index": 25
        },
        {
            "source": "f87cd6f0",
            "sourceAnchor": 2,
            "target": "767b390c",
            "targetAnchor": 0,
            "id": "b5cb198a",
            "shape": "flow-polyline",
            "index": 26
        },
        {
            "source": "919e7400",
            "sourceAnchor": 2,
            "target": "4321d431",
            "targetAnchor": 1,
            "id": "f0218b22",
            "shape": "flow-polyline",
            "index": 27
        },
        {
            "source": "919e7400",
            "sourceAnchor": 1,
            "target": "64aa3a21",
            "targetAnchor": 0,
            "id": "041f55a2",
            "shape": "flow-polyline",
            "index": 28
        }
    ]
}