{"project_name":"demo10","createAt":"2019-06-20 15:21:52","updateAt":"2019-07-01 11:30:13","nodes":[{"v-146d869c":"","type":"node","shape":"flow-circle","shapeType":"Start","size":"72*72","label":"开始","color":"#79C900","operation_id":"start","plugin_id":"base","input":"[]","output":"{}","version":"1.0.0","x":257.271875,"y":77.4,"id":"8a3d3c70","index":0,"general_property":"[{\"id\":\"retry_count\",\"value\":\"1\",\"name\":\"重试次数\"},{\"id\":\"retry_interval\",\"value\":\"50\",\"name\":\"重试时间间隔(ms)\"},{\"id\":\"execution_timeout\",\"value\":\"5000\",\"name\":\"执行超时时间(ms)\"},{\"id\":\"delayed_execution_time\",\"value\":\"50\",\"name\":\"延迟执行时间(ms)\"},{\"id\":\"waiting_time_after_execution\",\"value\":\"50\",\"name\":\"执行后等待时间\"}]"},{"v-146d869c":"","type":"node","shape":"flow-circle","shapeType":"End","size":"72*72","label":"结束","color":"#DC3C00","operation_id":"end","plugin_id":"base","input":"[]","output":"{}","version":"1.0.0","x":260.5,"y":561.4,"id":"547a8c26","index":1,"general_property":"[{\"id\":\"retry_count\",\"value\":\"1\",\"name\":\"重试次数\"},{\"id\":\"retry_interval\",\"value\":\"50\",\"name\":\"重试时间间隔(ms)\"},{\"id\":\"execution_timeout\",\"value\":\"5000\",\"name\":\"执行超时时间(ms)\"},{\"id\":\"delayed_execution_time\",\"value\":\"50\",\"name\":\"延迟执行时间(ms)\"},{\"id\":\"waiting_time_after_execution\",\"value\":\"50\",\"name\":\"执行后等待时间\"}]"},{"v-146d869c":"","type":"node","shape":"flow-rect","shapeType":"Convention","size":"120*48","label":"打开浏览器","color":"#1890FF","operation_id":"open-browser","plugin_id":"browser","input":"[{\"name\":\"必填属性\",\"id\":\"required_params\",\"properties\":[{\"id\":\"url\",\"name\":\"网址\",\"type\":\"text\",\"required\":true,\"value\":\"\\\"https://www.lagou.com/\\\"\"},{\"id\":\"browser_type\",\"name\":\"浏览器\",\"type\":\"select\",\"required\":true,\"value\":\"\\\"Chrome\\\"\",\"options\":{\"multiple\":false,\"choices\":[{\"value\":\"Chrome\",\"label\":\"Chrome\"},{\"value\":\"Internet Explorer\",\"label\":\"Internet Explorer\"}]}}]}]","output":"{\"is_allow_global_use\":true,\"description\":\"返回远程控制浏览器的会话信息\",\"value\":\"browser\"}","version":"1.0.0","x":168.77187500000002,"y":162.5,"id":"67d1b940","index":2,"general_property":"[{\"id\":\"retry_count\",\"value\":\"1\",\"name\":\"重试次数\"},{\"id\":\"retry_interval\",\"value\":\"50\",\"name\":\"重试时间间隔(ms)\"},{\"id\":\"execution_timeout\",\"value\":\"100000\",\"name\":\"执行超时时间(ms)\"},{\"id\":\"delayed_execution_time\",\"value\":\"50\",\"name\":\"延迟执行时间(ms)\"},{\"id\":\"waiting_time_after_execution\",\"value\":\"50\",\"name\":\"执行后等待时间\"}]"},{"v-146d869c":"","type":"node","shape":"flow-rect","shapeType":"Convention","size":"120*48","label":"打印日志","color":"#1890FF","operation_id":"terminal-one","plugin_id":"terminal","input":"[{\"name\":\"必填属性\",\"id\":\"required_params\",\"properties\":[{\"id\":\"commandLine\",\"name\":\"输出内容\",\"type\":\"text\",\"required\":true,\"value\":\"\\\"打开浏览器\\\"\"}]}]","output":"{}","version":"1.0.0","x":445,"y":146,"id":"cde61840","general_property":"[{\"id\":\"retry_count\",\"value\":\"1\",\"name\":\"重试次数\"},{\"id\":\"retry_interval\",\"value\":\"0\",\"name\":\"重试时间间隔(ms)\"},{\"id\":\"execution_timeout\",\"value\":\"5000\",\"name\":\"执行超时时间(ms)\"},{\"id\":\"delayed_execution_time\",\"value\":\"0\",\"name\":\"延迟执行时间(ms)\"},{\"id\":\"waiting_time_after_execution\",\"value\":\"0\",\"name\":\"执行后等待时间\"}]","index":4},{"v-146d869c":"","type":"node","shape":"flow-rect","shapeType":"Convention","size":"120*48","label":"左键单击","color":"#1890FF","operation_id":"left-mouse-click","plugin_id":"mouse","input":"[{\"name\":\"必填属性\",\"id\":\"required_params\",\"properties\":[{\"id\":\"browser_info\",\"name\":\"浏览器对象\",\"type\":\"text\",\"required\":true,\"value\":\"browser\"},{\"id\":\"target_element\",\"name\":\"选择目标\",\"type\":\"uiselector\",\"required\":true,\"value\":\"\\\"eyJodG1sIjp7InR5cGUiOiJidXR0b24iLCJpZCI6ImNib3hDbG9zZSIsInRhZyI6IkJVVFRPTiJ9fQ==\\\"\"}]}]","output":"{\"is_allow_global_use\":true,\"description\":\"返回远程控制浏览器的会话信息\"}","version":"1.0.0","x":188,"y":261.5,"id":"f6e3c409","index":6,"general_property":"[{\"id\":\"retry_count\",\"value\":\"1\",\"name\":\"重试次数\"},{\"id\":\"retry_interval\",\"value\":\"50\",\"name\":\"重试时间间隔(ms)\"},{\"id\":\"execution_timeout\",\"value\":\"5000\",\"name\":\"执行超时时间(ms)\"},{\"id\":\"delayed_execution_time\",\"value\":\"50\",\"name\":\"延迟执行时间(ms)\"},{\"id\":\"waiting_time_after_execution\",\"value\":\"50\",\"name\":\"执行后等待时间\"}]"},{"v-146d869c":"","type":"node","shape":"flow-rect","shapeType":"Convention","size":"120*48","label":"打印日志","color":"#1890FF","operation_id":"terminal-one","plugin_id":"terminal","input":"[{\"name\":\"必填属性\",\"id\":\"required_params\",\"properties\":[{\"id\":\"commandLine\",\"name\":\"输出内容\",\"type\":\"text\",\"required\":true,\"value\":\"\\\"关闭弹窗\\\"\"}]}]","output":"{}","version":"1.0.0","x":428,"y":234,"id":"384e45f8","general_property":"[{\"id\":\"retry_count\",\"value\":\"1\",\"name\":\"重试次数\"},{\"id\":\"retry_interval\",\"value\":\"0\",\"name\":\"重试时间间隔(ms)\"},{\"id\":\"execution_timeout\",\"value\":\"5000\",\"name\":\"执行超时时间(ms)\"},{\"id\":\"delayed_execution_time\",\"value\":\"0\",\"name\":\"延迟执行时间(ms)\"},{\"id\":\"waiting_time_after_execution\",\"value\":\"0\",\"name\":\"执行后等待时间\"}]","index":7},{"v-146d869c":"","type":"node","shape":"flow-rect","shapeType":"Convention","size":"120*48","label":"左键单击","color":"#1890FF","operation_id":"left-mouse-click","plugin_id":"mouse","input":"[{\"name\":\"必填属性\",\"id\":\"required_params\",\"properties\":[{\"id\":\"browser_info\",\"name\":\"浏览器对象\",\"type\":\"text\",\"required\":true,\"value\":\"browser\"},{\"id\":\"target_element\",\"name\":\"选择目标\",\"type\":\"uiselector\",\"required\":true,\"value\":\"\\\"eyJodG1sIjp7ImlkIjoic2VhcmNoX2J1dHRvbiIsInRhZyI6IklOUFVUIn19\\\"\"}]}]","output":"{\"is_allow_global_use\":true,\"description\":\"返回远程控制浏览器的会话信息\"}","version":"1.0.0","x":229.27187500000002,"y":460.4,"id":"6dc59d30","general_property":"[{\"id\":\"retry_count\",\"value\":\"1\",\"name\":\"重试次数\"},{\"id\":\"retry_interval\",\"value\":\"50\",\"name\":\"重试时间间隔(ms)\"},{\"id\":\"execution_timeout\",\"value\":\"5000\",\"name\":\"执行超时时间(ms)\"},{\"id\":\"delayed_execution_time\",\"value\":\"50\",\"name\":\"延迟执行时间(ms)\"},{\"id\":\"waiting_time_after_execution\",\"value\":\"50\",\"name\":\"执行后等待时间\"}]","index":10},{"v-146d869c":"","type":"node","shape":"flow-rect","shapeType":"Convention","size":"120*48","label":"打印日志","color":"#1890FF","operation_id":"terminal-one","plugin_id":"terminal","input":"[{\"name\":\"必填属性\",\"id\":\"required_params\",\"properties\":[{\"id\":\"commandLine\",\"name\":\"输出内容\",\"type\":\"text\",\"required\":true,\"value\":\"\\\"输入内容\\\"\"}]}]","output":"{}","version":"1.0.0","x":433,"y":333,"id":"3fd772af","general_property":"[{\"id\":\"retry_count\",\"value\":\"1\",\"name\":\"重试次数\"},{\"id\":\"retry_interval\",\"value\":\"0\",\"name\":\"重试时间间隔(ms)\"},{\"id\":\"execution_timeout\",\"value\":\"5000\",\"name\":\"执行超时时间(ms)\"},{\"id\":\"delayed_execution_time\",\"value\":\"0\",\"name\":\"延迟执行时间(ms)\"},{\"id\":\"waiting_time_after_execution\",\"value\":\"0\",\"name\":\"执行后等待时间\"}]","index":11},{"v-146d869c":"","type":"node","shape":"flow-rect","shapeType":"Convention","size":"120*48","label":"输入内容","color":"#1890FF","operation_id":"key_send","plugin_id":"keyboard","input":"[{\"name\":\"必填属性\",\"id\":\"required_params\",\"properties\":[{\"id\":\"browser_info\",\"name\":\"浏览器对象\",\"type\":\"text\",\"required\":true,\"value\":\"browser\"},{\"id\":\"target_element\",\"name\":\"选择目标\",\"type\":\"uiselector\",\"required\":true,\"value\":\"\\\"eyJodG1sIjp7ImlkIjoic2VhcmNoX2lucHV0IiwidGFnIjoiSU5QVVQifX0=\\\"\"},{\"id\":\"content\",\"name\":\"内容\",\"type\":\"text\",\"required\":true,\"value\":\"\\\"python\\\"\"}]}]","output":"{\"is_allow_global_use\":true,\"description\":\"返回远程控制浏览器的会话信息\"}","version":"1.0.0","x":188.5,"y":369.5,"id":"7ed08144","general_property":"[{\"id\":\"retry_count\",\"value\":\"1\",\"name\":\"重试次数\"},{\"id\":\"retry_interval\",\"value\":\"50\",\"name\":\"重试时间间隔(ms)\"},{\"id\":\"execution_timeout\",\"value\":\"5000\",\"name\":\"执行超时时间(ms)\"},{\"id\":\"delayed_execution_time\",\"value\":\"50\",\"name\":\"延迟执行时间(ms)\"},{\"id\":\"waiting_time_after_execution\",\"value\":\"50\",\"name\":\"执行后等待时间\"}]","index":14},{"v-146d869c":"","type":"node","shape":"flow-rect","shapeType":"Convention","size":"120*48","label":"打印日志","color":"#1890FF","operation_id":"terminal-one","plugin_id":"terminal","input":"[{\"name\":\"必填属性\",\"id\":\"required_params\",\"properties\":[{\"id\":\"commandLine\",\"name\":\"输出内容\",\"type\":\"text\",\"required\":true,\"value\":\"\\\"点击搜索\\\"\"}]}]","output":"{}","version":"1.0.0","x":431,"y":420,"id":"89e57dd3","general_property":"[{\"id\":\"retry_count\",\"value\":\"1\",\"name\":\"重试次数\"},{\"id\":\"retry_interval\",\"value\":\"0\",\"name\":\"重试时间间隔(ms)\"},{\"id\":\"execution_timeout\",\"value\":\"5000\",\"name\":\"执行超时时间(ms)\"},{\"id\":\"delayed_execution_time\",\"value\":\"0\",\"name\":\"延迟执行时间(ms)\"},{\"id\":\"waiting_time_after_execution\",\"value\":\"0\",\"name\":\"执行后等待时间\"}]","index":15},{"v-146d869c":"","type":"node","shape":"flow-rect","shapeType":"Convention","size":"120*48","label":"打印日志","color":"#1890FF","operation_id":"terminal-one","plugin_id":"terminal","input":"[{\"name\":\"必填属性\",\"id\":\"required_params\",\"properties\":[{\"id\":\"commandLine\",\"name\":\"输出内容\",\"type\":\"text\",\"required\":true,\"value\":\"\\\"end\\\"\"}]}]","output":"{}","version":"1.0.0","x":433,"y":512,"id":"6f1867be","general_property":"[{\"id\":\"retry_count\",\"value\":\"1\",\"name\":\"重试次数\"},{\"id\":\"retry_interval\",\"value\":\"0\",\"name\":\"重试时间间隔(ms)\"},{\"id\":\"execution_timeout\",\"value\":\"5000\",\"name\":\"执行超时时间(ms)\"},{\"id\":\"delayed_execution_time\",\"value\":\"0\",\"name\":\"延迟执行时间(ms)\"},{\"id\":\"waiting_time_after_execution\",\"value\":\"0\",\"name\":\"执行后等待时间\"}]","index":18}],"edges":[{"source":"8a3d3c70","sourceAnchor":2,"target":"cde61840","targetAnchor":0,"id":"ac40fbfb","shape":"flow-polyline","index":3},{"source":"cde61840","sourceAnchor":3,"target":"67d1b940","targetAnchor":1,"id":"07b39931","shape":"flow-polyline","index":5},{"source":"67d1b940","sourceAnchor":2,"target":"384e45f8","targetAnchor":0,"id":"ab063067","shape":"flow-polyline","index":8},{"source":"384e45f8","sourceAnchor":3,"target":"f6e3c409","targetAnchor":0,"id":"bca30b80","shape":"flow-polyline","index":9},{"source":"f6e3c409","sourceAnchor":2,"target":"3fd772af","targetAnchor":0,"id":"f45c8808","shape":"flow-polyline","index":12},{"source":"3fd772af","sourceAnchor":3,"target":"7ed08144","targetAnchor":0,"id":"c7498ee4","shape":"flow-polyline","index":13},{"source":"7ed08144","sourceAnchor":2,"target":"89e57dd3","targetAnchor":0,"id":"f8c6cede","shape":"flow-polyline","index":16},{"source":"89e57dd3","sourceAnchor":3,"target":"6dc59d30","targetAnchor":0,"id":"cdc51741","shape":"flow-polyline","index":17},{"source":"6dc59d30","sourceAnchor":2,"target":"6f1867be","targetAnchor":0,"id":"f8ad78c1","shape":"flow-polyline","index":19},{"source":"6f1867be","sourceAnchor":3,"target":"547a8c26","targetAnchor":0,"id":"a97425e0","shape":"flow-polyline","index":20}],"cron":"","retry_count":"2","retry_interval":"111","time_out":"222"}
